{
    "eventList": [
        {
            "eventType": "\ube0c\ub77c\uc6b0\uc800",
            "startXy": "",
            "endXy": "",
            "text": "",
            "url": "https://www.cultureland.co.kr/",
            "command": "copy",
            "delayTime": "3",
            "actionType": 0
        },
        {
            "eventType": "\ud074\ub9ad",
            "startXy": "1469, 563",
            "endXy": "",
            "text": "",
            "url": "",
            "command": "copy",
            "delayTime": "1",
            "actionType": 0
        },
        {
            "eventType": "\ud074\ub9ad",
            "startXy": "1662, 374",
            "endXy": "",
            "text": "",
            "url": "",
            "command": "copy",
            "delayTime": "3",
            "actionType": 0
        },
        {
            "eventType": "\ud074\ub9ad",
            "startXy": "818, 581",
            "endXy": "",
            "text": "",
            "url": "",
            "command": "copy",
            "delayTime": "1",
            "actionType": 0
        },
        {
            "eventType": "\ud14d\uc2a4\ud2b8",
            "startXy": "",
            "endXy": "",
            "text": "gnogun2",
            "url": "",
            "command": "copy",
            "delayTime": "1",
            "actionType": 0
        },
        {
            "eventType": "\ud074\ub9ad",
            "startXy": "796, 645",
            "endXy": "",
            "text": "",
            "url": "",
            "command": "copy",
            "delayTime": "1",
            "actionType": 0
        },
        {
            "eventType": "\ud14d\uc2a4\ud2b8",
            "startXy": "",
            "endXy": "",
            "text": "Song5525",
            "url": "",
            "command": "copy",
            "delayTime": "1",
            "actionType": 0
        },
        {
            "eventType": "\ud074\ub9ad",
            "startXy": "1018, 783",
            "endXy": "",
            "text": "",
            "url": "",
            "command": "copy",
            "delayTime": "1",
            "actionType": 0
        },
        {
            "eventType": "\uc774\ub3d9",
            "startXy": "772, 263",
            "endXy": "",
            "text": "",
            "url": "",
            "command": "copy",
            "delayTime": "1",
            "actionType": 0
        },
        {
            "eventType": "\ud074\ub9ad",
            "startXy": "791, 341",
            "endXy": "",
            "text": "",
            "url": "",
            "command": "copy",
            "delayTime": "1",
            "actionType": 0
        }
    ],
    "repeatEventList": [
        {
            "eventType": "\ud074\ub9ad",
            "startXy": "749, 616",
            "endXy": "",
            "text": "",
            "url": "",
            "command": "copy",
            "delayTime": "1",
            "actionType": 1
        },
        {
            "eventType": "\ud540\uc785\ub825",
            "startXy": "",
            "endXy": "",
            "text": "",
            "url": "",
            "command": "copy",
            "delayTime": "3",
            "actionType": 1
        },
        {
            "eventType": "\ud074\ub9ad",
            "startXy": "1091, 1001",
            "endXy": "",
            "text": "",
            "url": "",
            "command": "copy",
            "delayTime": "3",
            "actionType": 1
        },
        {
            "eventType": "\ud074\ub9ad",
            "startXy": "1187, 837",
            "endXy": "",
            "text": "",
            "url": "",
            "command": "copy",
            "delayTime": "3",
            "actionType": 1
        },
        {
            "eventType": "\ub4dc\ub798\uadf8",
            "startXy": "702, 802",
            "endXy": "1539, 961",
            "text": "",
            "url": "",
            "command": "copy",
            "delayTime": "1",
            "actionType": 1
        },
        {
            "eventType": "\uacb0\uacfc\ud655\uc778",
            "startXy": "",
            "endXy": "",
            "text": "",
            "url": "",
            "command": "copy",
            "delayTime": "1",
            "actionType": 1
        },
        {
            "eventType": "\ud074\ub9ad",
            "startXy": "979, 1044",
            "endXy": "",
            "text": "",
            "url": "",
            "command": "copy",
            "delayTime": "1",
            "actionType": 1
        }
    ]
}